,Country,City name,Date,Lat,Lng,Clouds,Mean_T,Feels_like_T,Max_T,Min_T,Wind speed,Humidity,Pressure
0,SJ,Longyearbyen,1586504932,78.22,15.64,20,259.15,254.86,259.15,259.15,1,60,1004
1,0,0,0,0,0,0,0,0,0,0,0,0,0
2,SB,Kirakira,1586504933,-10.45,161.92,57,299.88,302.96,299.88,299.88,3.08,80,1011
3,CA,La Ronge,1586504933,55.1,-105.28,5,267.15,263.39,267.15,267.15,1,73,1008
4,BR,Londrina,1586504933,-23.31,-51.16,35,287.17,286.41,287.17,287.17,1.1,76,1014
5,IS,Hofn,1586504934,64.25,-15.21,100,275.01,269.29,275.01,275.01,5.26,85,1022
6,FI,Kemijärvi,1586504934,66.71,27.43,1,271.6,267.19,271.6,271.6,2.93,91,1012
7,RU,Pevek,1586504934,69.7,170.31,0,252.26,244.77,252.26,252.26,5.47,90,1024
8,CA,Clyde River,1586504934,70.47,-68.59,1,259.15,250.64,259.15,259.15,7.2,77,1022
9,0,0,0,0,0,0,0,0,0,0,0,0,0
10,GW,Bubaque,1586504935,11.28,-15.83,0,299.4,300.54,299.4,299.4,3.4,67,1012
11,JP,Noshiro,1586504935,40.2,140.02,75,279.39,274.55,280.15,279.15,5.1,87,1015
12,MN,Ulaanbaatar,1586504935,47.91,106.88,20,287.15,281.47,287.15,287.15,3,8,1027
13,RU,Kodinsk,1586504936,58.69,99.18,100,278.35,274.61,278.35,278.35,2.3,64,1032
14,AU,Busselton,1586504791,-33.65,115.33,72,302.96,300.65,303.15,302.59,3.9,32,1010
15,0,0,0,0,0,0,0,0,0,0,0,0,0
16,0,0,0,0,0,0,0,0,0,0,0,0,0
17,AM,Lernakert,1586504936,40.56,43.94,65,284.78,281.53,285.15,279.15,1.5,40,1009
18,GL,Tasiilaq,1586504937,65.61,-37.64,67,266.15,261.27,266.15,266.15,2.6,79,1024
19,AR,Mar del Plata,1586504937,-38,-57.56,75,282.15,280.24,282.15,282.15,2.04,93,1024
20,0,0,0,0,0,0,0,0,0,0,0,0,0
21,ZA,Saldanha,1586504937,-33.01,17.94,39,289.15,290.37,289.15,289.15,0.5,93,1017
22,CA,Yellowknife,1586504705,62.46,-114.35,75,261.39,255.57,262.15,260.37,3.6,85,1015
23,ZA,Bredasdorp,1586504938,-34.53,20.04,86,292.36,292,293.15,291.48,1.5,64,1016
24,RU,Tulun,1586504938,54.56,100.58,84,281.13,277.38,281.13,281.13,2.62,59,1031
25,JP,Nemuro,1586504938,43.32,145.57,40,275.15,269.3,275.15,275.15,4.6,59,1013
26,AU,Mount Isa,1586504939,-20.73,139.5,75,304.15,301.38,304.15,304.15,3.1,23,1016
27,ZA,Cape Town,1586504834,-33.93,18.42,20,290.29,290.81,292.59,288.15,2.1,93,1017
28,KZ,Quryq,1586504939,43.2,51.65,0,284.7,279.41,284.7,284.7,4.54,42,1017
29,RU,Saskylakh,1586504939,71.92,114.08,88,268.14,258.85,268.14,268.14,9.4,93,1001
30,PF,Rikitea,1586504939,-23.12,-134.97,100,298.07,298.99,298.07,298.07,4.68,79,1015
31,0,0,0,0,0,0,0,0,0,0,0,0,0
32,MX,Cabo San Lucas,1586504731,22.89,-109.91,99,291.84,290.04,293.71,289.26,5.68,87,1016
33,RU,Ust-Kuyga,1586504940,70.02,135.6,100,273.66,268.58,273.66,273.66,4.2,89,1006
34,BR,Boa Vista,1586504940,2.82,-60.67,100,299.15,303.28,299.15,299.15,1.5,83,1011
35,AR,Ushuaia,1586504940,-54.8,-68.3,20,279.56,274.21,279.56,279.56,5.05,69,992
36,0,0,0,0,0,0,0,0,0,0,0,0,0
37,TZ,Ilembula,1586504585,-8.9,34.58,59,295.85,292.37,295.85,295.85,4.96,44,1016
38,CI,Tabou,1586504941,4.42,-7.35,53,301.81,305.92,301.81,301.81,1.89,73,1012
39,IN,Kavaratti,1586504941,10.57,72.64,20,305.15,308.6,305.15,305.15,2.54,59,1012
40,RU,Gornopravdinsk,1586504942,60.05,69.9,51,276.82,271.8,276.82,276.82,4.97,94,1017
41,US,Kapaa,1586504942,22.08,-159.32,1,293.72,295.27,296.15,292.04,2.1,88,1016
42,AE,Abu Dhabi,1586504823,24.47,54.37,42,310.58,307.02,311.15,310.15,3.6,14,1010
43,PY,Pozo Colorado,1586504942,-23.49,-58.8,0,284.97,282.64,284.97,284.97,2.44,74,1016
44,AU,Geraldton,1586504943,-28.77,114.6,0,308.15,304.27,308.15,308.15,6.7,26,1012
45,RU,Novoaleksandrovsk,1586504943,45.49,41.22,0,288.81,284.85,288.81,288.81,2.79,34,1014
46,AU,Ballina,1586504943,-28.87,153.57,100,294.21,295.56,295.15,293.15,2.1,83,1016
47,MY,George Town,1586504752,5.41,100.34,40,305.57,309.91,306.15,304.82,4.1,70,1009
48,AU,Hobart,1586504944,-42.88,147.33,75,290.81,285.26,292.59,286.48,6.2,42,1000
49,CV,Praia,1586504944,14.92,-23.51,0,296.15,293.36,296.15,296.15,6.2,60,1012
50,US,Jamestown,1586504684,42.1,-79.24,90,272.8,264.33,275.15,271.15,8.96,92,997
51,MX,Guerrero Negro,1586504945,27.98,-114.06,1,287.53,282.94,287.53,287.53,6.86,78,1017
52,CA,Cap-aux-Meules,1586504945,47.38,-61.86,100,272.31,258.41,272.31,272.31,16.72,95,990
53,ZA,Port Elizabeth,1586504945,-33.92,25.57,100,294.15,287.83,294.15,294.15,8.7,46,1015
54,BR,Vila Velha,1586504653,-20.33,-40.29,83,293.45,296.12,293.71,293.15,1,94,1013
55,CA,Aklavik,1586504945,68.22,-135.01,75,257.15,252.55,257.15,257.15,1.5,77,1030
56,NZ,Mataura,1586504946,-46.19,168.86,71,285.93,284.19,285.93,285.93,2.68,85,1013
57,CA,Fort Nelson,1586504946,58.81,-122.7,90,271.15,263.61,271.15,271.15,7.2,86,1021
58,BR,Alhandra,1586504946,-7.44,-34.91,75,298.15,302.75,298.15,298.15,2.6,100,1011
59,0,0,0,0,0,0,0,0,0,0,0,0,0
60,NO,Vardø,1586504946,70.37,31.11,88,270.97,262.34,270.97,270.97,8.9,93,1005
61,TL,Airai,1586504947,-8.93,125.41,56,290.92,291.35,290.92,290.92,0.65,73,1010
62,RU,Ileza,1586504947,61.05,43.9,100,275.22,270.29,275.22,275.22,3.94,78,1004
63,BW,Nokaneng,1586504947,-19.67,22.27,86,295.32,292.83,295.32,295.32,4.75,55,1020
64,MR,Atar,1586504947,20.52,-13.05,0,301.21,294.07,301.21,301.21,8.4,22,1014
65,MX,Progreso,1586504947,21.28,-89.67,5,299.2,301.24,299.82,298.71,3.1,74,1010
66,ZA,East London,1586504948,-33.02,27.91,100,296.15,295.9,296.15,296.15,3.1,64,1015
67,CD,Kindu,1586504948,-2.95,25.95,91,302.57,305.93,302.57,302.57,0.47,57,1011
68,CV,São Filipe,1586504948,14.9,-24.5,0,297.25,296.39,297.25,297.25,5.25,69,1014
69,CA,Tuktoyaktuk,1586504948,69.45,-133.04,50,254.79,249.26,254.79,254.79,2.81,92,1030
70,TO,Vaini,1586504949,-21.2,-175.2,20,296.15,297.54,296.15,296.15,2.6,78,1013
71,NZ,Kaeo,1586504949,-35.1,173.78,0,287.04,286.29,287.04,287.04,0.89,74,1015
72,0,0,0,0,0,0,0,0,0,0,0,0,0
73,EC,Puerto Ayora,1586504949,-0.74,-90.35,1,298.71,303.67,298.71,298.71,0.44,86,1009
74,MU,Bambous Virieux,1586504950,-20.34,57.76,40,301.58,302.39,302.04,301.15,5.7,69,1018
75,AO,Caxito,1586504950,-8.58,13.66,75,300.15,302.78,300.15,300.15,3.6,78,1010
76,ID,Bengkulu,1586504950,-3.8,102.27,100,302.41,306.42,302.41,302.41,2.5,73,1008
77,US,Hilo,1586504720,19.73,-155.09,90,293.07,293.84,297.15,284.82,1.17,73,1017
78,0,0,0,0,0,0,0,0,0,0,0,0,0
79,AU,Carnarvon,1586504951,-24.87,113.63,77,303.15,304.37,303.15,303.15,5.7,66,1013
80,AU,Yeppoon,1586504951,-23.13,150.73,96,300.15,301.13,300.15,300.15,3.1,61,1015
81,PT,Ribeira Grande,1586504951,38.52,-28.7,20,287.15,285.21,287.15,287.15,3.6,87,1024
82,0,0,0,0,0,0,0,0,0,0,0,0,0
83,0,0,0,0,0,0,0,0,0,0,0,0,0
84,0,0,0,0,0,0,0,0,0,0,0,0,0
85,RU,Kishcha,1586504952,42.18,47.58,31,279.43,274.26,279.43,279.43,3.65,44,1014
86,US,Albany,1586504952,42.6,-73.97,20,275.02,267.6,277.15,272.59,6.7,55,990
87,MA,Marrakesh,1586504742,31.63,-8.01,72,287.15,286.42,287.15,287.15,1.5,82,1019
88,GH,Esim,1586504953,4.87,-2.24,16,303.24,307.76,303.24,303.24,1.86,70,1012
89,CL,Punta Arenas,1586504669,-53.15,-70.92,20,282.09,277.01,282.15,282.04,5.1,66,996
90,0,0,0,0,0,0,0,0,0,0,0,0,0
91,PF,Atuona,1586504953,-9.8,-139.03,79,300.87,301.72,300.87,300.87,6.7,78,1014
92,CK,Avarua,1586504954,-21.21,-159.78,100,301.15,305.62,301.15,301.15,4.6,94,1011
93,PF,Tautira,1586504954,-17.73,-149.15,20,301.04,304.71,301.15,300.93,2.1,74,1015
94,PG,Vanimo,1586504954,-2.67,141.3,29,300.68,304.17,300.68,300.68,3.47,82,1010
95,PK,Shekhupura,1586504954,31.71,73.98,40,303.15,300.46,303.15,303.15,5.1,35,1014
96,GB,Fort William,1586504955,56.82,-5.11,100,282.59,281.19,282.59,282.59,1.24,89,1023
97,CA,Port Hardy,1586504955,50.7,-127.42,75,280.15,278.52,280.15,280.15,1,93,1022
98,BR,Castro,1586504955,-24.79,-50.01,67,285.24,283.77,285.24,285.24,1.03,70,1016
99,CL,Constitución,1586504955,-35.33,-72.42,34,283.75,281.8,283.75,283.75,2.19,85,1015
100,RU,Belyy Yar,1586504955,53.6,91.39,40,276.15,270.12,276.15,276.15,5,59,1035
101,US,Beatrice,1586504956,40.27,-96.75,1,269.99,266.2,272.15,267.15,1.5,79,1024
102,NZ,Bluff,1586504956,-46.6,168.33,55,285.93,284.19,285.93,285.93,2.68,85,1013
103,PH,Tagusao,1586504956,9.19,117.81,15,302.07,304.49,302.07,302.07,4.51,73,1010
104,GF,Grand-Santi,1586504956,4.25,-54.38,97,296.44,300.65,296.44,296.44,1.04,95,1011
105,CA,Norman Wells,1586504957,65.28,-126.83,20,264.15,258.6,264.15,264.15,3.1,61,1028
106,NA,Walvis Bay,1586504957,-22.96,14.51,0,293.18,293.11,294.15,292.04,1,60,1014
107,IN,Shivrājpur,1586504957,22.42,73.65,0,313.42,308.92,313.42,313.42,3.52,8,1009
108,AR,Necochea,1586504736,-38.55,-58.74,0,280,278.58,280.37,279.82,0.89,98,1024
109,RU,Agirish,1586504958,61.92,63.02,100,278.35,273.47,278.35,278.35,4.47,77,1008
110,KZ,Borovskoy,1586504958,53.8,64.15,4,282.85,276.55,282.85,282.85,6.91,64,1022
111,US,Hayden,1586504958,47.77,-116.79,1,278.83,276.25,283.15,274.82,0.99,70,1014
112,IS,Hvolsvollur,1586504958,63.75,-20.22,100,274.26,269.13,274.26,274.26,4.02,77,1019
113,RU,Tsimmerbude,1586504958,54.67,20.13,0,282.15,278.6,282.15,282.15,2,49,1024
114,RU,Vanavara,1586504959,60.34,102.28,100,276.81,272.67,276.81,276.81,2.63,65,1032
115,RE,Saint-Philippe,1586504959,-21.36,55.77,7,299.94,294.56,303.15,296.48,12.9,66,1017
116,MV,Hithadhoo,1586504959,-0.6,73.08,5,302.37,304.78,302.37,302.37,3.62,67,1009
117,RU,Rogovskaya,1586504959,45.73,38.74,0,290.33,286.78,290.33,290.33,2.3,32,1014
118,US,Half Moon Bay,1586504960,37.46,-122.43,90,285.12,285.24,287.04,283.15,0.24,93,1020
119,RO,Perişoru,1586504960,44.45,27.55,5,289.98,286.08,292.59,287.15,4.1,47,1016
120,AU,Port Keats,1586504960,-14.25,129.55,26,297.1,293.54,297.1,297.1,9.72,74,1013
121,CA,Torbay,1586504939,47.67,-52.73,5,268.21,263.84,269.82,266.48,2.1,79,1008
122,AU,New Norfolk,1586504960,-42.78,147.06,75,290.44,284.83,292.59,286.48,6.2,42,1000
123,CR,Guácimo,1586504961,10.21,-83.68,100,294.24,293.03,296.15,293.15,4.6,73,1016
124,ZW,Gweru,1586504554,-19.45,29.82,31,295.1,290.42,295.1,295.1,5.55,37,1021
125,AU,Mount Gambier,1586504961,-37.83,140.77,75,291.15,285.68,291.15,291.15,8.7,68,1010
126,0,0,0,0,0,0,0,0,0,0,0,0,0
127,KZ,Atyrau,1586504961,47.12,51.88,0,286.15,277.13,286.15,286.15,9,26,1022
128,AR,Dolores,1586504962,-36.31,-57.68,0,282.55,280.83,282.55,282.55,1.8,91,1023
129,CL,Lebu,1586504962,-37.62,-73.65,61,283.41,281.67,283.41,283.41,1.94,88,1016
130,AU,Bairnsdale,1586504962,-37.83,147.62,86,293.76,292.65,294.26,293.15,0.89,44,1006
131,ML,Kidal,1586504962,18.44,1.41,79,306.85,300.61,306.85,306.85,5.9,11,1011
132,0,0,0,0,0,0,0,0,0,0,0,0,0
133,ZM,Mpika,1586504963,-11.83,31.45,94,291.28,287.64,291.28,291.28,4.97,56,1017
134,KI,Butaritari,1586504963,3.07,172.79,100,302.08,305.79,302.08,302.08,3.42,77,1012
135,RU,Turukhansk,1586504963,65.82,87.98,100,273.88,264.62,273.88,273.88,10.24,90,1017
136,PH,Dingle,1586504963,11,122.67,32,302.72,303.42,302.72,302.72,5.34,62,1011
137,EC,Puerto Baquerizo Moreno,1586504964,-0.9,-89.6,0,299.13,303.72,299.13,299.13,1.14,85,1010
138,MN,Baruun-Urt,1586504964,46.68,113.28,87,282.53,278.68,282.53,282.53,1.12,24,1029
139,IS,Vestmannaeyjar,1586504964,63.44,-20.27,100,277.94,270.56,277.94,277.94,8.15,82,1016
140,BR,Ilhabela,1586504964,-23.78,-45.36,1,293,292.84,293,293,2.03,69,1015
141,KE,Lodwar,1586504965,3.12,35.6,99,307.15,306,307.15,307.15,2.93,28,1010
142,0,0,0,0,0,0,0,0,0,0,0,0,0
143,AR,Comodoro Rivadavia,1586504954,-45.87,-67.5,78,292.15,286.85,292.15,292.15,6.2,42,1008
144,MG,Antalaha,1586504965,-14.9,50.28,18,300.95,302.87,300.95,300.95,5.06,77,1015
145,UY,Tacuarembó,1586504966,-31.73,-55.98,0,280.9,278.97,280.9,280.9,1.46,89,1021
146,GB,Salisbury,1586504966,51.07,-1.8,64,285.47,282.77,288.71,282.15,3.6,81,1024
147,RU,Provideniya,1586504966,64.38,-173.3,38,258.97,252.42,258.97,258.97,4.52,91,1024
148,MX,Mundo Nuevo (Ojo de Agua),1586504966,18.7,-95.5,50,299.08,300.99,299.08,299.08,3.51,76,1008
149,US,Kalispell,1586504967,48.2,-114.31,1,275.86,272.92,277.59,273.15,0.52,58,1013
150,AU,Collie,1586504967,-33.37,116.15,88,303.42,302.65,303.71,303.15,1.86,32,1010
151,AU,Esperance,1586504967,-33.87,121.9,31,295.15,291.33,295.15,295.15,7.7,64,1019
152,RU,Beringovskiy,1586504967,63.05,179.32,94,260.84,254.58,260.84,260.84,4.3,95,1022
153,JP,Shingū,1586504968,33.73,135.98,20,288.15,281.06,288.15,288.15,7.7,41,1018
154,BR,Maceió,1586504766,-9.67,-35.74,44,298.91,302.18,298.91,298.91,2.08,80,1012
155,LR,Harper,1586504968,4.38,-7.72,57,301.01,305.76,301.01,301.01,1.07,77,1012
156,KY,Bodden Town,1586504968,19.28,-81.25,0,298.23,301.48,299.26,297.04,1.76,81,1012
157,IR,Mīnāb,1586504969,27.15,57.08,69,306.15,304.41,306.15,306.15,4.1,31,1012
158,0,0,0,0,0,0,0,0,0,0,0,0,0
159,BR,Itaituba,1586504969,-4.28,-55.98,94,295.81,299.76,295.81,295.81,0.54,92,1011
160,CA,Pangnirtung,1586504969,66.15,-65.71,0,260.68,255.97,260.68,260.68,1.83,74,1016
161,RU,Cherskiy,1586504970,68.75,161.3,8,257.23,248.99,257.23,257.23,6.8,90,1020
162,NG,Lagos,1586504682,6.58,3.75,76,303.21,307.04,303.21,303.21,2.81,70,1012
163,RU,Dikson,1586504970,73.51,80.55,99,268.31,264.07,268.31,268.31,2.29,97,987
164,KZ,Saryozek,1586504970,44.36,77.98,17,281.32,275.87,281.32,281.32,3.96,37,1027
165,ZA,Hermanus,1586504852,-34.42,19.23,44,291.23,292.55,291.48,290.93,0.89,87,1012
166,CL,Taltal,1586504971,-25.4,-70.48,53,289.55,290,289.55,289.55,0.4,77,1015
167,TM,Abadan,1586504971,38.05,58.21,75,283.15,278.95,283.15,283.15,4.1,66,1016
168,IR,Ardakān,1586504971,32.31,54.02,75,291.15,289.42,291.15,291.15,2.1,55,1017
169,CN,Baijiantan,1586504972,45.63,85.18,99,283.66,278.16,283.66,283.66,5.19,51,1031
170,CA,Thompson,1586504840,55.74,-97.86,75,262.15,257.63,262.15,262.15,1.5,61,1013
171,JP,Katsuura,1586504972,35.13,140.3,20,288.51,282.07,289.26,288.15,6.2,33,1016
172,VE,San Cristobal,1586504874,7.77,-72.22,95,292.69,292.76,292.69,292.69,0.71,61,1011
173,ML,Tombouctou,1586504972,20,-3,0,306.23,302.16,306.23,306.23,2.24,9,1010
174,IN,Saugor,1586504973,23.83,78.72,30,310.13,304.82,310.13,310.13,4.22,8,1009
175,BR,Porto Seguro,1586504973,-16.45,-39.06,75,296.15,298.32,296.15,296.15,3.6,94,1012
176,IN,Port Blair,1586504973,11.67,92.75,77,302.02,303.95,302.02,302.02,3.11,62,1010
177,RU,Tiksi,1586504973,71.69,128.87,0,270.41,261.79,270.41,270.41,8.77,92,1002
178,BR,Altamira,1586504974,-3.2,-52.21,69,295.5,299.82,295.5,295.5,0.17,95,1011
179,US,Sitka,1586504740,57.05,-135.33,20,275.53,271.71,276.15,272.15,2.1,69,1028
180,ES,Bereda,1586504974,43.27,-7.54,75,287.45,286.65,288.71,285.37,2.1,87,1018
181,NE,Niamey,1586504974,13.51,2.11,97,300.15,299.61,300.15,300.15,4.1,54,1012
182,RU,Shirokiy,1586504974,49.76,129.52,49,283.53,277.51,283.53,283.53,5.5,44,1019
183,US,Broome,1586504975,42.25,-75.83,90,273.2,265.08,274.26,272.04,8.2,80,992
184,GA,Port-Gentil,1586504975,-0.72,8.78,75,301.15,307.04,301.15,301.15,1.5,88,1011
185,MU,Mahébourg,1586504975,-20.41,57.7,40,301.5,302.27,302.04,301.15,5.7,69,1018
186,BR,Cidreira,1586504975,-30.18,-50.21,27,289.65,288.73,289.65,289.65,3.01,84,1016
187,US,Barrow,1586504976,71.29,-156.79,40,253.15,245.47,253.15,253.15,5.7,76,1023
188,PK,Surab,1586504976,28.49,66.26,1,296.6,290.13,296.6,296.6,5.43,14,1014
189,TH,Trat,1586504976,12.5,102.5,100,302.04,306.58,302.04,302.04,3.88,86,1007
190,CL,Calama,1586504976,-22.47,-68.93,3,279.15,270.8,279.15,279.15,9.3,70,1026
191,GL,Qaanaaq,1586504976,77.48,-69.36,0,256.68,251.58,256.68,256.68,2.21,80,1021
192,MX,Coahuayana Viejo,1586504977,18.73,-103.68,0,297.4,296.4,297.4,297.4,1.13,38,1012
193,GB,Skegness,1586504977,53.14,0.34,75,282.27,279.42,283.71,280.93,3.1,87,1027
194,BR,Arraial do Cabo,1586504977,-22.97,-42.03,55,296.08,294.98,296.08,296.08,5.07,70,1014
195,PG,Lorengau,1586504977,-2.02,147.27,36,301.87,305.76,301.87,301.87,2.25,73,1010
196,SO,Eyl,1586504978,7.98,49.82,8,303.6,303.82,303.6,303.6,3.99,49,1012
197,IN,Tura,1586504827,25.52,90.22,40,307.39,304.43,307.39,307.39,3.07,18,1008
198,NG,Bara,1586504978,10.37,10.73,100,306.36,306.6,306.36,306.36,2.55,36,1011
199,ES,Los Llanos de Aridane,1586504978,28.66,-17.92,75,293.15,292.7,293.15,293.15,4.6,88,1021
200,0,0,0,0,0,0,0,0,0,0,0,0,0
201,US,Palmetto,1586504979,27.52,-82.57,1,297.42,299.58,298.71,295.37,4.6,94,1009
202,GL,Qaqortoq,1586504979,60.72,-46.03,100,278.15,268.56,278.15,278.15,9.3,32,1010
203,NA,Henties Bay,1586504979,-22.12,14.28,44,292.04,293.04,292.04,292.04,1.79,87,1014
204,UG,Nakasongola,1586504979,1.31,32.46,98,302.35,302,302.35,302.35,1.83,37,1011
205,NO,Dombås,1586504980,62.07,9.12,2,270.13,265.72,270.13,270.13,2.43,80,1027
206,SA,Faya,1586504980,18.39,42.45,20,295.65,292.21,296.15,295.15,5.1,46,1024
207,ID,Sorong,1586504980,-0.88,131.25,13,300.59,304.24,300.59,300.59,1.97,75,1010
208,KE,Lamu,1586504980,-2.27,40.9,83,302.88,304.8,302.88,302.88,5.09,69,1012
209,CA,Terrace Bay,1586504980,48.78,-87.1,31,266.95,259.88,266.95,266.95,6.04,91,1012
210,TZ,Mwanza,1586504828,-2.52,32.9,20,298.15,296.93,298.15,298.15,5.7,65,1017
211,PT,Ponta do Sol,1586504981,32.67,-17.1,20,290.38,289.19,291.15,289.82,3.1,77,1022
212,CA,Ucluelet,1586504981,48.93,-125.55,41,281.4,279.91,282.04,279.26,0.89,87,1019
213,DO,Baní,1586504981,18.28,-70.33,38,299.82,306.19,299.82,299.82,1.13,97,1014
214,ES,Medina del Campo,1586504981,41.31,-4.91,90,284.76,280.96,287.04,283.15,5.7,93,1020
215,ML,Tessalit,1586504982,20.2,1.01,54,308.38,301.05,308.38,308.38,6.9,8,1010
216,RU,Talnakh,1586504982,69.49,88.4,90,270.15,255.74,270.15,270.15,17,92,1000
217,0,0,0,0,0,0,0,0,0,0,0,0,0
218,GL,Maniitsoq,1586504982,65.42,-52.9,99,273.07,267.8,273.07,273.07,4.45,92,1015
219,NU,Alofi,1586504983,-19.06,-169.92,77,299.15,301.46,299.15,299.15,4.1,83,1010
220,AU,Bathurst,1586504983,-33.42,149.58,8,284.58,282.01,285.37,283.71,2.53,72,1022
221,US,Pacific Grove,1586504983,36.62,-121.92,90,284.83,283.99,286.48,283.15,1.5,93,1019
222,BW,Pilikwe,1586504983,-22.8,27.19,99,293.54,289.88,293.54,293.54,5.04,49,1023
223,ID,Padang,1586504984,-0.95,100.35,81,301.62,306.01,301.62,301.62,2.07,77,1008
224,RU,Ust'-Omchug,1586504984,61.15,149.63,0,261.76,258.05,261.76,261.76,0.61,85,1021
225,CA,Havre-St-Pierre,1586504984,50.23,-63.6,75,267.15,261.82,267.15,267.15,3.6,92,999
226,GL,Upernavik,1586504984,72.79,-56.15,9,261.69,256.26,261.69,261.69,3.04,83,1017
227,RU,Lavrentiya,1586504985,65.58,-171,31,256.56,250.61,256.56,256.56,3.49,89,1026
228,US,Brigantine,1586504985,39.41,-74.36,1,279.06,270.79,280.15,278.15,8.2,48,998
229,BS,High Rock,1586504985,26.62,-78.28,74,298.84,300.05,298.84,298.84,6.05,87,1009
230,CO,Guaitarilla,1586504985,1.14,-77.55,70,283.2,279.75,283.2,283.2,1.83,45,1013
231,AU,Port Macquarie,1586504986,-31.43,152.92,90,291.85,293.13,292.15,291.48,2.6,100,1015
232,DK,Harboøre,1586504986,56.62,8.18,100,279.91,274.78,281.48,278.71,5.1,75,1026
233,US,Tucumcari,1586504986,35.17,-103.72,40,281.85,277.08,282.15,281.48,4.6,66,1019
234,NO,Åmot,1586504986,59.57,7.99,0,277.04,273.88,277.04,277.04,0.89,55,1023
235,US,Nome,1586504983,64.5,-165.41,90,267.15,259.83,267.15,267.15,6.2,79,1018
236,PG,Kavieng,1586504987,-2.57,150.8,58,302.41,306.16,302.41,302.41,3.07,74,1010
237,SO,Wajid,1586504987,3.81,43.25,74,306.73,306.17,306.73,306.73,3.39,34,1011
238,ZA,Port Alfred,1586504987,-33.59,26.89,100,298.47,296.05,298.47,298.47,5.79,53,1015
239,US,Saint Paul Harbor,1586504988,57.79,-152.41,1,272.15,267.72,272.15,272.15,2.6,74,1032
240,ZA,Richards Bay,1586504988,-28.78,32.04,13,299.28,296.47,299.28,299.28,8.01,61,1020
241,RU,Oktyabr'skiy,1586504988,54.48,53.47,36,283.53,275.1,283.53,283.53,9.47,53,1017
242,GF,Cayenne,1586504988,4.93,-52.33,96,299.15,302.61,299.15,299.15,4.2,94,1011
243,BO,Santa Cruz de la Sierra,1586504952,-17.8,-63.17,40,294.15,290.07,294.15,294.15,6.2,52,1016
244,SO,Bandarbeyla,1586504534,9.49,50.81,40,303.04,303.67,303.04,303.04,2.89,48,1012
245,ES,Carballo,1586504989,43.21,-8.69,75,286.9,285.94,288.71,285.15,2.1,87,1018
246,MX,Rosarito,1586504989,32.33,-117.03,90,284.56,282.52,287.15,281.15,3.1,93,1019
247,PF,Fare,1586504989,-16.7,-151.02,63,301.73,304.31,301.73,301.73,4.74,77,1015
248,PH,Talavera,1586504990,15.62,120.93,75,304.15,307.84,304.15,304.15,2.1,62,1013
249,0,0,0,0,0,0,0,0,0,0,0,0,0
250,US,Eureka,1586504990,40.8,-124.16,90,282.63,280.44,285.15,279.82,1.93,81,1019
251,MV,Dhidhdhoo,1586504991,6.88,73.1,8,302.76,304.95,302.76,302.76,4.03,66,1009
252,UY,Rocha,1586504991,-34.48,-54.33,1,286.54,286.12,286.54,286.54,1.46,91,1020
253,US,Portland,1586504931,45.52,-122.68,1,283.96,279.39,287.15,279.82,4.6,62,1017
254,KZ,Shetpe,1586504991,44.17,52.12,0,284.31,277.22,284.31,284.31,6.72,37,1018
255,US,Nassau,1586504710,40.75,-73.58,20,278.23,270.92,279.82,276.48,7.2,60,993
256,CA,Iqaluit,1586504992,63.75,-68.51,5,255.26,250.97,255.37,255.15,1,84,1015
257,US,Palmer,1586504992,42.16,-72.33,40,275.58,267.69,277.59,273.15,7.2,48,989
258,ES,Mahon,1586504992,39.89,4.27,2,288.15,286.87,288.15,288.15,3.1,87,1022
259,ET,Kibre Mengist,1586504992,5.88,38.98,56,298.26,296.46,298.26,298.26,2.1,35,1014
260,CL,Calbuco,1586504993,-41.77,-73.13,75,285.15,284.75,285.15,285.15,1,93,1015
261,RE,Saint-Pierre,1586504993,-21.34,55.48,18,300.11,294.8,303.15,296.48,12.9,66,1017
262,RU,Motygino,1586504993,58.18,94.76,100,275.97,271.63,275.97,275.97,3.03,72,1034
263,RU,Sladkovo,1586504993,55.53,70.34,100,276.35,271.97,276.35,276.35,3.77,89,1023
264,CD,Lusambo,1586504994,-4.97,23.45,94,298.46,301.39,298.46,298.46,2.08,79,1013
265,PE,Ayna,1586504994,-12.65,-73.92,93,288.58,287.11,288.58,288.58,0.34,48,1018
266,NZ,Tuatapere,1586504994,-46.13,167.68,7,285.93,284.19,285.93,285.93,2.68,85,1013
267,RU,Pionerskiy,1586504994,54.95,20.23,0,282.15,278.6,282.15,282.15,2,49,1024
268,0,0,0,0,0,0,0,0,0,0,0,0,0
269,NZ,Kaitangata,1586504995,-46.28,169.85,98,285.93,283.51,285.93,285.93,2.89,74,997
270,CL,Coyhaique,1586504995,-45.58,-72.07,91,284.15,282.35,284.15,284.15,2.6,93,1010
271,JP,Sabae,1586504995,35.95,136.19,75,283.15,278.75,283.15,283.15,4.1,61,1023
272,RU,Khatanga,1586504995,71.97,102.5,100,269.7,260.05,269.7,269.7,10.22,96,1000
273,US,Saint George,1586504716,37.1,-113.58,1,278.7,275.3,282.04,272.04,2.6,81,1018
274,0,0,0,0,0,0,0,0,0,0,0,0,0
275,US,Pueblo,1586504996,38.25,-104.61,1,277.13,273.09,279.26,273.15,2.2,56,1020
276,PF,Faanui,1586504996,-16.48,-151.75,62,301.45,304.3,301.45,301.45,3.59,74,1015
277,NZ,Waipawa,1586504996,-41.41,175.52,1,284.13,281.59,286.15,280.93,2.6,76,1016
278,RU,Yagodnoye,1586504997,62.55,149.67,1,264.13,259.91,264.13,264.13,1.57,86,1021
279,IR,Torbat-e Jām,1586504997,35.24,60.62,100,292.26,288.06,292.26,292.26,3.72,33,1014
280,LK,Weligama,1586504997,5.97,80.42,15,303.99,306.41,303.99,303.99,3.79,62,1009
281,RU,Nikolskoye,1586504997,59.7,30.79,20,277.54,270.07,278.15,276.48,7,52,1013
282,0,0,0,0,0,0,0,0,0,0,0,0,0
283,NO,Sistranda,1586504998,63.73,8.83,75,276.06,267.93,276.15,275.93,8.7,79,1023
284,MR,Adrar,1586504566,20.5,-10.07,0,300.75,292.97,300.75,300.75,7.83,14,1013
285,PT,Barcelos,1586504998,41.54,-8.62,75,286.71,286.01,287.15,285.93,2.6,100,1020
286,ID,Pringsewu,1586504998,-5.36,104.97,100,302.31,308.03,302.31,302.31,0.74,77,1009
287,PT,Lagoa,1586504999,39.05,-27.98,74,289.1,287.78,289.1,289.1,2.74,77,1026
288,ID,Ternate,1586504999,0.8,127.4,51,302.15,304.95,302.15,302.15,4.22,74,1010
289,US,Westport,1586504999,41.14,-73.36,1,277.86,272.22,279.82,275.93,4.6,56,992
290,VN,Phan Thiet,1586504999,10.93,108.1,44,302.5,302.88,302.5,302.5,6.04,64,1010
291,CN,Manzhouli,1586505000,49.6,117.43,0,286.25,281.68,286.25,286.25,2.45,23,1028
292,0,0,0,0,0,0,0,0,0,0,0,0,0
293,FO,Klaksvík,1586505000,62.23,-6.59,100,278.15,275.92,278.15,278.15,1,86,1023
294,RU,Berezovyy,1586505000,51.67,135.7,51,277.31,272.44,277.31,277.31,3.69,63,1024
295,VN,Bac Lieu,1586505000,9.29,105.72,80,303.62,304.5,303.62,303.62,6.13,64,1009
296,IN,Zafarābād,1586505001,25.7,82.73,0,309.15,306.15,309.15,309.15,3.6,18,1010
297,GB,Ullapool,1586505001,57.9,-5.16,100,281.37,280.21,282.59,280.37,0.45,88,1021
298,RU,Aksarka,1586505001,66.56,67.8,19,274.23,267.98,274.23,274.23,6.05,91,1001
299,US,College,1586505001,64.86,-147.8,40,262.15,257.6,265.93,260.15,1.48,56,1030
300,RU,Kachug,1586505002,53.96,105.88,60,288.68,285.66,288.68,288.68,1.18,31,1027
301,0,0,0,0,0,0,0,0,0,0,0,0,0
302,RU,Mnogovershinnyy,1586505002,53.94,139.92,0,268.27,264.37,268.27,268.27,1.72,93,1025
303,OM,Salalah,1586505002,17.02,54.09,40,302.15,303.98,302.15,302.15,4.1,66,1014
304,BJ,Cotonou,1586505002,6.37,2.42,20,300.15,302.78,300.15,300.15,3.6,78,1012
305,RU,Pavlovsk,1586505003,50.46,40.11,99,288.68,283.11,288.68,288.68,5.89,44,1010
306,KZ,Sergeevka,1586505003,53.88,67.42,53,284.38,277.45,284.38,284.38,7.83,58,1024
307,SE,Östersund,1586504798,63.18,14.64,97,272.15,265.53,272.15,272.15,6.2,92,1020
308,IR,Garmsār,1586505003,35.22,52.34,99,284.42,281.92,284.42,284.42,1.13,52,1014
309,JP,Hasaki,1586505003,35.73,140.83,20,287.82,280.1,288.15,286.15,7.2,24,1015
310,AU,Port Lincoln,1586505004,-34.73,135.87,62,292.12,287.43,292.12,292.12,7.9,67,1014
311,IN,Pāsighāt,1586505004,28.07,95.33,25,304.53,303.57,304.53,304.53,1.05,25,1013
312,RU,Krasnosel'kup,1586505004,65.7,82.47,99,273.89,262.72,273.89,273.89,13.01,91,1011
313,BR,Nova Serrana,1586505004,-19.88,-44.98,4,290.3,290.47,290.3,290.3,1.13,77,1013
314,RU,Nebolchi,1586505005,59.12,33.35,78,277.48,271.86,277.48,277.48,4.83,64,1012
315,NG,Lokoja,1586505005,7.8,6.74,97,301.85,303.97,301.85,301.85,3.28,65,1012
316,MX,San Quintín,1586505005,30.48,-115.95,2,286.95,285.47,286.95,286.95,1.82,73,1018
317,RU,Srednekolymsk,1586505005,67.45,153.68,3,267.37,261.37,267.37,267.37,4.63,95,1014
318,ID,Biak,1586505005,-0.91,122.88,43,301.82,304.75,301.82,301.82,3.4,72,1009
319,JP,Nara,1586504922,34.69,135.8,40,285.6,280.3,287.15,281.48,4.1,33,1020
320,0,0,0,0,0,0,0,0,0,0,0,0,0
321,ID,Gorontalo,1586504915,0.54,123.06,13,302,306.94,302,302,0.48,71,1009
322,US,Kahului,1586505006,20.89,-156.47,90,294.04,294.21,296.15,292.15,3.1,78,1017
323,RU,Kyren,1586505006,51.68,102.14,0,286.33,283.06,286.33,286.33,0.95,28,1026
324,LK,Galle,1586504850,6.04,80.22,11,303.31,305.8,303.31,303.31,3.6,64,1009
325,PG,Kieta,1586505007,-6.22,155.63,77,300.95,304.93,300.95,300.95,2.29,78,1010
326,CO,Puerto Nariño,1586505007,-3.77,-70.38,100,295.73,299.8,295.73,295.73,0.57,94,1009
327,CN,Xiaoshan,1586504778,30.17,120.26,20,296.12,292.26,297.15,293.15,6,47,1017
328,US,Saint Anthony,1586505007,45.02,-93.22,40,271.78,264.94,272.59,270.93,5.7,63,1019
329,CN,Yumen,1586505008,40.28,97.2,0,288.24,276.09,288.24,288.24,12.77,14,1020
330,0,0,0,0,0,0,0,0,0,0,0,0,0
331,CL,Ancud,1586505008,-41.87,-73.82,90,285.15,282.55,285.15,285.15,4.6,100,1014
332,AR,Concordia,1586505008,-31.39,-58.02,0,282.96,281.3,282.96,282.96,1.85,91,1021
333,RU,Lovozero,1586505008,68,35.01,17,269.96,263.5,269.96,269.96,5.51,88,1008
334,UY,Chui,1586505009,-33.7,-53.46,0,288.28,287.49,288.28,288.28,2.54,88,1020
335,IR,Shahr-e Bābak,1586505009,30.12,55.12,97,296.02,286.07,296.02,296.02,10.59,16,1014
336,MU,Grand Baie,1586505009,-20.02,57.58,40,301.72,302.6,302.04,301.15,5.7,69,1018
337,ZA,Kruisfontein,1586504463,-34,24.73,100,295.22,293.11,295.22,295.22,2.3,40,1016
338,0,0,0,0,0,0,0,0,0,0,0,0,0
339,US,Honolulu,1586505002,21.31,-157.86,20,295.34,295.92,297.15,293.15,1.5,64,1016
340,PT,Vila Franca do Campo,1586505010,37.72,-25.43,20,288.15,286.87,288.15,288.15,3.1,87,1024
341,US,Bethel,1586505010,41.37,-73.41,1,277.28,272.73,279.26,274.26,3.1,60,992
342,GB,Whitehaven,1586505010,54.55,-3.58,100,284.44,283.87,286.48,283.15,0.45,85,1023
343,CN,Haimen,1586505011,23.19,116.61,0,299.15,296.18,299.15,299.15,5,41,1017
344,NZ,Te Anau,1586505011,-45.42,167.72,43,283.29,279.96,283.29,283.29,3.3,73,1014
345,AU,Port Hedland,1586505011,-20.32,118.57,0,306.15,302.71,306.15,306.15,7.7,36,1012
346,DE,Schönaich,1586505011,48.65,9.07,1,286.17,284.88,288.15,284.82,0.5,62,1024
347,CL,Coquimbo,1586505012,-29.95,-71.34,18,287.15,285.65,287.15,287.15,2.6,82,1014
348,BR,Vilhena,1586505012,-12.74,-60.15,100,292.54,293.5,292.54,292.54,1.6,82,1012
349,BR,Jacobina,1586505012,-11.18,-40.52,98,295.14,297.44,295.14,295.14,1.18,82,1013
350,PE,Santiago de Cao,1586505012,-7.96,-79.24,60,295.39,296.05,295.39,295.39,3.81,83,1012
351,GL,Ilulissat,1586505013,69.22,-51.1,0,273.15,261.87,273.15,273.15,12.9,87,1013
352,ID,Lhokseumawe,1586505013,5.18,97.15,91,303.93,307.33,303.93,303.93,2.97,65,1009
353,US,Owensboro,1586505001,37.77,-87.11,1,277.28,269.35,278.15,275.93,7.2,41,1017
354,TR,Beyşehir,1586505013,37.68,31.72,1,284.75,278.98,284.75,284.75,4.45,30,1011
355,TJ,Farkhor,1586505013,37.49,69.4,40,288.15,285.39,288.15,288.15,2,47,1019
356,AU,Roebourne,1586505014,-20.78,117.13,50,304.6,304.08,304.6,304.6,5.2,47,1013
357,US,Makakilo City,1586505014,21.35,-158.09,20,295.17,296.62,297.15,293.15,1.8,77,1016
358,RU,Severo-Kuril'sk,1586505014,50.68,156.12,99,272.21,266.03,272.21,272.21,5.7,96,1016
359,0,0,0,0,0,0,0,0,0,0,0,0,0
360,JP,Komoro,1586505015,36.32,138.43,40,280.58,272.35,283.15,278.71,7.7,34,1016
361,ID,Waingapu,1586505015,-9.66,120.26,39,301.8,304.26,301.8,301.8,4.24,73,1009
362,MG,Farafangana,1586505015,-22.82,47.83,99,298.31,299.45,298.31,298.31,5.29,84,1020
363,TM,Balkanabat,1586505015,39.51,54.37,98,288.28,285.11,288.28,288.28,1.56,34,1015
364,FI,Haukipudas,1586505016,65.18,25.35,25,273.15,269.2,273.15,273.15,2.6,93,1013
365,PF,Moerai,1586505016,-22.43,-151.33,100,300.75,302.59,300.75,300.75,6.41,85,1014
366,GF,Sinnamary,1586505016,5.38,-52.95,100,299.48,300.7,299.48,299.48,6.24,85,1011
367,CN,Shache,1586504785,38.42,77.24,48,297.26,293.64,297.26,297.26,0.87,10,1012
368,NC,Vao,1586505016,-22.67,167.48,32,296.74,295.23,296.74,296.74,6.43,73,1016
369,CN,Chifeng,1586505017,42.27,118.96,100,284.92,278.58,284.92,284.92,5.3,30,1025
370,NO,Sørland,1586505017,67.67,12.69,100,274.25,266.36,274.25,274.25,8.2,85,1016
371,FR,Arrondissement de Saint-Malo,1586505017,48.5,-1.83,0,286.56,282.83,292.04,283.15,4.1,62,1021
372,RU,Leningradskiy,1586505017,69.38,178.42,0,251.78,246.09,251.78,251.78,2.86,86,1028
373,GB,Margate,1586505017,51.38,1.39,70,285.49,284.39,288.15,283.15,2.6,100,1026
374,KR,Seoul,1586504679,37.57,126.98,20,288.09,283.83,289.15,286.15,3.41,38,1022
375,GQ,Ebebiyin,1586505018,2.15,11.34,90,295.15,299.48,295.15,295.15,0.53,100,1012
376,JP,Kushima,1586505018,31.46,131.23,20,291.29,287.57,292.15,290.15,4.6,51,1020
377,0,0,0,0,0,0,0,0,0,0,0,0,0
378,RU,Taksimo,1586505018,56.34,114.88,29,279.67,276.96,279.67,279.67,0.58,53,1032
379,IN,Lālganj,1586505019,25.87,85.18,9,309.15,307.62,309.15,309.15,1.5,18,1010
380,MX,Cuauhtémoc,1586505011,28.42,-106.87,71,282.1,278.19,282.1,282.1,1.7,34,1016
381,US,South Yuba City,1586505019,39.12,-121.64,90,283.78,281.87,287.15,279.26,1.6,76,1019
382,BR,Trairi,1586504814,-3.28,-39.27,73,298.83,303.02,298.83,298.83,1.47,85,1011
383,PE,Paita,1586505020,-5.09,-81.11,45,296.99,296.93,296.99,296.99,3.95,69,1010
384,RU,Esso,1586505020,55.93,158.7,92,265.66,262.39,265.66,265.66,0.42,89,1018
385,US,Havelock,1586505020,34.88,-76.9,1,287.86,283.12,290.15,285.37,5.7,59,1003
386,HK,Hong Kong,1586505020,22.29,114.16,17,297.4,292.69,299.82,295.15,7.7,47,1016
387,IN,Srīvardhan,1586505021,18.03,73.02,1,304.46,302.54,304.46,304.46,7.77,50,1009
388,RU,Izberbash,1586505021,42.57,47.86,40,283.15,280.12,283.15,283.15,3,76,1016
389,ER,Barentu,1586505021,15.11,37.59,38,308.11,306.57,308.11,308.11,1.75,20,1008
390,VU,Luganville,1586505022,-15.53,167.17,70,297.89,299.72,297.89,297.89,3.7,82,1013
391,CA,Goderich,1586505022,43.75,-81.72,100,273.38,262.15,274.82,271.48,12.82,85,1000
392,CN,Kumul,1586505022,42.8,93.45,0,295.93,290.5,295.93,295.93,3.73,13,1020
393,ID,Nabire,1586504742,-3.37,135.48,49,299.57,304.59,299.57,299.57,1.2,87,1011
394,CD,Luebo,1586505023,-5.35,21.42,100,295.7,298.5,295.7,295.7,0.96,83,1014
395,BW,Pandamatenga,1586505023,-18.53,25.63,12,298.03,294.51,298.03,298.03,5.08,39,1019
396,RU,Chernyshevskiy,1586505023,63.01,112.47,91,275.22,269.96,275.22,275.22,4.1,69,1027
397,NO,Florø,1586505023,61.6,5.03,36,276.69,272.09,277.59,276.15,3.6,74,1028
398,VE,Puerto Ayacucho,1586505024,5.66,-67.62,99,297.22,300.85,297.22,297.22,1.78,90,1009
399,VE,Machiques,1586505024,10.06,-72.55,33,299.1,300.7,299.1,299.1,3.5,73,1010
400,US,Estelle,1586505024,29.85,-90.11,1,293.8,293.93,295.15,291.48,3.6,83,1012
401,BW,Dekar,1586505025,-21.53,21.93,95,295.09,291.19,295.09,295.09,5.8,48,1021
402,MN,Ulaangom,1586505025,49.98,92.07,92,273.41,269.99,273.41,273.41,1.17,68,1023
403,MR,Nouakchott,1586504756,18.09,-15.98,0,297.15,290.72,297.15,297.15,6.7,23,1009
404,GQ,Mbini,1586505025,1.57,9.61,20,301.15,306.65,301.15,301.15,2.06,88,1011
405,SB,Auki,1586505026,-8.77,160.7,19,301.03,305.46,301.03,301.03,1.36,76,1011
406,PH,Bulata,1586505026,9.86,122.4,29,302.79,305.35,302.79,302.79,4.49,71,1010
407,IT,Syracuse,1586505026,37.09,15.28,0,288.19,285.29,290.37,286.48,3.1,58,1022
408,GL,Nanortalik,1586505026,60.14,-45.24,100,273.59,268.35,273.59,273.59,4.38,88,1009
409,0,0,0,0,0,0,0,0,0,0,0,0,0
410,CN,Korla,1586505027,41.76,86.15,38,293.41,285.24,293.41,293.41,7.64,15,1016
411,DE,Pritzwalk,1586505027,53.15,12.17,100,282.61,280.84,283.71,282.04,0.89,73,1028
412,EG,Port Said,1586505027,31.26,32.28,37,291.19,287.16,291.19,291.19,5.49,56,1015
413,SO,Garoowe,1586505028,8.41,48.48,47,304.07,303.27,304.07,304.07,2.78,35,1012
414,CN,Kashgar,1586505028,39.45,75.98,33,295.15,291.23,295.15,295.15,1,9,1018
415,ID,Martapura,1586505028,-3.42,114.85,100,301.65,307.8,301.65,301.65,0.67,83,1008
416,CA,Smithers,1586505028,54.78,-127.17,1,276.15,271.35,276.15,276.15,3.1,55,1020
417,NZ,Ahipara,1586505029,-35.17,173.17,21,288.96,286.84,288.96,288.96,3.73,76,1017
418,ID,Ngawen,1586505029,-7,111.31,39,302.49,306.81,302.49,302.49,2.51,75,1008
419,BR,Acaraú,1586505029,-2.89,-40.12,38,297.87,301.98,297.87,297.87,1.59,90,1012
420,US,Fairbanks,1586504997,64.84,-147.72,1,261.9,257.44,263.71,260.15,1.53,71,1031
421,AU,Ulladulla,1586504853,-35.35,150.47,75,288.67,288.31,291.48,287.04,3.1,100,1011
422,RU,Bograd,1586505030,54.23,90.83,40,276.15,270.12,276.15,276.15,5,59,1035
423,ID,Rembang,1586505030,-6.71,111.35,20,302.77,306.35,302.77,302.77,3.22,72,1008
424,RU,Chumikan,1586505030,54.72,135.31,7,275.63,273.6,275.63,275.63,0.01,82,1027
425,RU,Vostok,1586505030,46.49,135.88,97,276.43,271.84,276.43,276.43,2.84,55,1017
426,CN,Dongzhen,1586505031,22.38,110.94,93,297.4,297.93,297.4,297.4,2.78,65,1014
427,GY,Mabaruma,1586505031,8.2,-59.78,88,297.92,300.82,297.92,297.92,2.78,86,1012
428,MR,Nouadhibou,1586505031,20.93,-17.03,0,293.15,289.65,293.15,293.15,7.2,72,1013
429,OM,Sur,1586505031,22.57,59.53,0,307.46,305.16,307.46,307.46,3.93,25,1012
430,ID,Denpasar,1586504822,-8.65,115.22,20,305.15,309.31,305.15,305.15,5.1,75,1009
431,0,0,0,0,0,0,0,0,0,0,0,0,0
432,AU,Codrington,1586505032,-38.27,141.97,83,289.69,283.56,289.69,289.69,8.53,62,1008
433,MV,Manadhoo,1586505032,5.77,73.38,25,302.76,306.09,302.76,302.76,3.37,71,1009
434,IN,Narwar,1586505033,25.65,77.9,0,310.76,305.27,310.76,310.76,4.56,8,1010
435,RU,Omsukchan,1586505033,62.53,155.8,7,258.83,254.79,258.83,258.83,0.86,84,1022
436,RU,Voyvozh,1586505033,62.89,54.96,100,273.65,270.17,273.65,273.65,2,92,1003
437,IN,Joshīmath,1586505033,30.57,79.57,83,291.71,286.26,291.71,291.71,3.48,14,1018
438,BR,Urucará,1586505034,-2.54,-57.76,100,295.34,299.57,295.34,295.34,0.57,98,1010
439,CD,Boende,1586505034,-0.22,20.87,18,305.78,309.39,305.78,305.78,0.47,49,1012
440,CL,Diego de Almagro,1586505034,-26.37,-70.05,6,283.83,282.31,283.83,283.83,0.33,64,1017
441,GR,Komotini,1586504954,41.12,25.4,0,287.31,285.5,289.26,283.15,1.5,61,1017
442,FR,Arrondissement d'Arcachon,1586504919,44.59,-1.05,0,286.25,283.88,286.48,286.15,1,47,1019
443,GB,Bridlington,1586505035,54.08,-0.19,100,281.83,280.06,282.59,280.93,2.1,100,1026
444,FI,Vaasa,1586505036,63.1,21.62,56,276.06,271.16,276.15,275.93,3.1,51,1017
445,IS,Grindavik,1586505036,63.84,-22.43,90,274.62,270.59,275.15,274.15,2.6,80,1018
446,0,0,0,0,0,0,0,0,0,0,0,0,0
447,PF,Tiarei,1586505036,-17.53,-149.33,20,301.04,304.71,301.15,300.93,2.1,74,1015
448,AU,Yulara,1586505036,-25.24,130.99,0,302.15,297.17,302.15,302.15,4.6,17,1018
449,0,0,0,0,0,0,0,0,0,0,0,0,0
450,BR,Torres,1586505037,-29.34,-49.73,14,288.76,286.87,288.76,288.76,3.66,80,1017
451,US,Payson,1586505037,40.04,-111.73,40,278.25,275.27,280.37,275.37,2.1,86,1020
452,ID,Katobu,1586505037,-4.94,122.53,91,300.54,306.21,300.54,300.54,0.59,84,1009
453,CA,Flin Flon,1586505038,54.77,-101.86,100,267.96,263.35,267.96,267.96,2.73,95,1009
454,DE,Steinbach am Taunus,1586505038,50.17,8.57,4,287.23,283.22,289.82,284.26,4.1,54,1025
455,PG,Kainantu,1586505038,-6.29,145.87,100,290.84,290.72,290.84,290.84,0.36,62,1014
456,MY,Limbang,1586504758,4.75,115,75,303.92,307.84,304.15,303.71,4.1,74,1009
457,YT,Bandrele,1586505039,-12.91,45.19,40,305.15,306.78,305.15,305.15,6.7,66,1013
458,GN,Siguiri,1586505039,11.67,-9.5,78,306.9,307.14,306.9,306.9,2.08,33,1011
459,PE,Barranca,1586505039,-10.75,-77.77,98,296.15,297.43,296.15,296.15,2.5,76,1013
460,CN,Shaoyang,1586505039,27.23,111.45,94,293.42,293.28,293.42,293.42,2.65,73,1013
461,0,0,0,0,0,0,0,0,0,0,0,0,0
462,NZ,Dunedin,1586505040,-45.87,170.5,85,285.68,283.57,285.93,285.37,2.36,74,997
463,BO,Tupiza,1586505040,-21.45,-65.72,1,282.7,279.75,282.7,282.7,0.13,29,1019
464,RU,Krasnoarmeysk,1586505040,51.02,45.7,51,284.26,277.75,284.26,284.26,6.26,43,1016
465,NZ,Waitati,1586505040,-45.75,170.57,53,285.64,285.43,285.93,285.37,0.45,86,1012
466,TC,Cockburn Town,1586505041,21.46,-71.14,4,298.44,300.06,298.44,298.44,3.33,75,1011
467,IT,Agropoli,1586505041,40.35,15,0,287.54,285.62,288.71,287.04,1.19,54,1023
468,PE,Huarmey,1586505041,-10.07,-78.15,99,295.93,297.41,295.93,295.93,2.6,80,1013
469,0,0,0,0,0,0,0,0,0,0,0,0,0
470,KE,Moyale,1586505041,3.52,39.06,97,298.8,297.34,298.8,298.8,3.96,49,1012
471,US,Norfolk,1586505042,42.17,-71.25,1,276.52,270.96,277.59,274.82,4.1,51,987
472,BR,Simões,1586505042,-7.6,-40.82,95,293.97,295.68,293.97,293.97,1.33,82,1012
473,0,0,0,0,0,0,0,0,0,0,0,0,0
474,KZ,Atbasar,1586505042,51.8,68.33,100,281.1,275,281.1,281.1,6.37,67,1028
475,0,0,0,0,0,0,0,0,0,0,0,0,0
476,NE,Bilma,1586505043,18.69,12.92,39,303.83,295.78,303.83,303.83,8.06,11,1015
477,IS,Husavik,1586505043,66.04,-17.34,100,267.15,262.07,267.15,267.15,3.1,85,1023
478,EC,Otavalo,1586505043,0.23,-78.27,40,287.15,287,287.15,287.15,1.5,93,1026
479,CN,Hohhot,1586504907,40.81,111.65,40,281.15,273.87,281.15,281.15,6,26,1026
480,0,0,0,0,0,0,0,0,0,0,0,0,0
481,RU,Myshkin,1586505044,57.79,38.45,79,279.13,273.77,279.13,279.13,4.63,61,1008
482,0,0,0,0,0,0,0,0,0,0,0,0,0
483,CN,Anking,1586505044,30.51,117.05,100,296.16,292.81,296.16,296.16,6.34,55,1015
484,MZ,Quelimane,1586505045,-17.88,36.89,75,301.15,302.01,301.15,301.15,4.6,65,1019
485,AU,Kiama,1586505045,-34.68,150.87,75,288.94,288.68,289.26,287.59,3.1,100,1011
486,PH,Gigmoto,1586505045,13.78,124.39,23,301.23,303.06,301.23,301.23,4.17,70,1012
487,NC,Poum,1586505045,-20.23,164.02,55,298.77,298.56,298.77,298.77,5.4,70,1015
488,0,0,0,0,0,0,0,0,0,0,0,0,0
489,AR,Presidencia Roque Sáenz Peña,1586505046,-26.79,-60.44,34,284.38,282.18,284.38,284.38,2.01,73,1018
490,PH,Marawi,1586505046,8,124.29,92,297.01,298.57,297.01,297.01,1.65,69,1011
491,NP,Jumla,1586504786,29.27,82.18,79,295.37,297.12,295.37,295.37,3.13,90,1007
492,FR,Manche,1586505046,49,-1.17,20,289.01,288.77,292.04,285.15,1.5,81,1023
493,RU,Zyryanka,1586505047,65.75,150.85,0,269.06,261.46,269.06,269.06,7.14,94,1014
494,0,0,0,0,0,0,0,0,0,0,0,0,0
495,IR,Isfahan,1586505047,32.66,51.68,75,289.15,285.35,289.15,289.15,5.1,63,1015
496,0,0,0,0,0,0,0,0,0,0,0,0,0
497,0,0,0,0,0,0,0,0,0,0,0,0,0
498,ZA,Ellisras,1586505048,-23.66,27.74,67,297.68,294.68,297.68,297.68,4.22,39,1023
499,AR,Puerto Madryn,1586505048,-42.77,-65.04,0,291.34,283.47,291.34,291.34,9.95,45,1012
500,IS,Olafsvik,1586505048,64.89,-23.71,100,274.56,267.47,274.56,274.56,7.15,86,1019
501,IN,Gharghoda,1586505049,22.17,83.35,0,312.56,308.75,312.56,312.56,2.41,8,1008
502,BD,Patiya,1586505049,22.29,91.98,40,304.15,307.03,304.15,304.15,4.1,66,1012
503,ID,Labuhan,1586505049,-6.88,112.21,23,302.69,306.34,302.69,302.69,3.24,73,1008
504,UY,Paso de los Toros,1586505049,-32.82,-56.52,0,282.66,280.64,282.66,282.66,2.21,90,1021
505,IN,Kargil,1586505050,34.57,76.1,79,277.51,272.41,277.51,277.51,2.24,17,1022
506,AR,Viedma,1586505050,-40.81,-63,0,287.33,280.84,287.33,287.33,6.83,43,1017
507,PG,Namatanai,1586505050,-3.67,152.43,82,301.5,305.31,301.5,301.5,2.08,73,1011
508,0,0,0,0,0,0,0,0,0,0,0,0,0
509,0,0,0,0,0,0,0,0,0,0,0,0,0
510,US,Laguna,1586505051,38.42,-121.42,90,285.07,283.08,287.15,282.04,2.44,81,1018
511,RU,Ust'-Ishim,1586505051,57.69,71.17,100,277.49,272.93,277.49,277.49,3.9,79,1022
512,TZ,Micheweni,1586505052,-4.97,39.83,75,301.28,301.97,301.28,301.28,7.44,79,1013
513,NA,Lüderitz,1586505052,-26.65,15.16,100,293.15,291.65,293.15,293.15,0.5,37,1014
514,LK,Hambantota,1586505052,6.12,81.12,10,302.7,304.68,302.7,302.7,4.48,67,1009
515,CA,Bonnyville,1586505052,54.27,-110.73,75,274.15,270.41,274.15,274.15,2.1,80,1009
516,CN,Bantou,1586505053,26.22,117.49,74,298.09,297.66,298.09,298.09,1.87,47,1015
517,RU,Rudnichnyy,1586505053,59.62,52.47,100,282.34,276.92,282.34,282.34,6.08,74,1003
518,RU,Chokurdakh,1586505053,70.63,147.92,49,270.11,262.18,270.11,270.11,7.83,96,1003
519,LA,Luang Prabang,1586505053,19.89,102.13,40,306.15,310.44,306.15,306.15,2.1,59,1012
520,RU,Vizinga,1586505054,61.07,50.1,100,276.25,274.05,276.25,276.25,0.81,94,1000
521,US,Mayo,1586505054,38.89,-76.51,1,279.56,274.47,281.15,277.59,3.6,45,1001
522,PG,Aitape,1586505054,-3.14,142.35,73,300.64,304.37,300.64,300.64,3.1,82,1010
523,MZ,Mocuba,1586505054,-16.84,36.99,46,299.57,301,299.57,299.57,3.41,69,1019
524,RU,Sobolevo,1586505055,54.43,31.9,11,280.46,273.56,280.46,280.46,6.69,53,1015
525,RU,Divnoye,1586505055,45.91,43.35,0,286.2,281.41,286.2,286.2,4.31,45,1016
526,NC,Noumea,1586505055,-22.28,166.46,20,296.15,294.5,296.15,296.15,5.1,64,1015
527,RU,Ust-Nera,1586505056,64.57,143.2,67,266.55,261.87,266.55,266.55,2.52,88,1021
528,RU,Chara,1586505056,56.91,118.26,7,276.63,273.61,276.63,276.63,0.63,55,1031
529,BR,Caravelas,1586505056,-17.71,-39.25,92,297.89,298.47,297.89,297.89,6.06,86,1013
530,0,0,0,0,0,0,0,0,0,0,0,0,0
531,MZ,Inhambane,1586504551,-23.86,35.38,46,298.49,297.51,298.49,298.49,5.26,63,1022
532,IT,Lipari,1586505057,38.47,14.95,5,288.92,287.82,289.82,287.59,1.5,67,1021
533,US,Dillon,1586505057,34.42,-79.37,1,289.72,285.83,293.15,287.04,4.1,48,1004
534,PT,Lata,1586505057,40.16,-8.33,90,287.32,287.59,288.15,285.93,1.5,100,1021
535,MV,Kulhudhuffushi,1586505058,6.62,73.07,5,302.82,305.41,302.82,302.82,3.89,68,1009
536,AR,Rawson,1586505058,-43.3,-65.1,0,291.55,283.94,291.55,291.55,10.24,51,1010
537,US,Bend,1586505059,44.06,-121.32,1,279.29,275.44,280.93,277.15,2.1,52,1017
538,US,Ketchikan,1586505059,55.34,-131.65,1,275.33,271.54,277.15,274.15,2.6,86,1025
539,RU,Issa,1586505059,53.87,44.86,100,285.99,278.03,285.99,285.99,9.15,50,1008
540,DK,Nexø,1586505059,55.06,15.13,59,280.15,277.76,280.15,280.15,1,70,1026
541,AU,Hervey Bay,1586505060,-25.3,152.85,90,296.29,299.02,296.48,295.15,2.1,88,1016
542,ID,Banda Aceh,1586505060,5.56,95.32,44,302.24,307.82,302.24,302.24,0.32,74,1009
543,RU,Okhotsk,1586505060,59.38,143.3,0,271.11,267.14,271.11,271.11,2.26,93,1022
544,SA,Buraidah,1586505013,26.33,43.98,75,298.15,294.51,298.15,298.15,4.1,31,1011
545,SY,Yabrūd,1586505061,33.97,36.66,40,283.39,276.92,288.15,277.04,6.7,54,1012
546,BR,Miracema do Tocantins,1586505061,-9.56,-48.4,100,296.44,300.23,296.44,296.44,0.43,86,1010
547,NZ,Napier City,1586504942,-39.48,176.92,21,288.15,286.08,288.15,288.15,3.58,79,1015
548,NZ,Wellington,1586505010,-41.29,174.78,0,285.27,282.99,286.15,284.26,2.6,76,1016
549,NG,Oron,1586505062,4.83,8.23,41,304.53,309,304.53,304.53,1.06,61,1012
550,AR,Neuquén,1586505062,-38.95,-68.06,0,291.15,289.26,291.15,291.15,3.1,63,1013
551,EG,Ţahţā,1586505062,26.77,31.5,3,296.03,289.73,296.03,296.03,7.09,29,1017
552,CA,Sept-Îles,1586504825,50.2,-66.38,40,271.34,265.58,271.48,271.15,4.1,63,997
553,US,‘Ewa Beach,1586505063,21.32,-158.01,20,295.33,296.9,297.15,293.15,1.72,77,1016
554,TR,Talas,1586505063,38.69,35.55,75,278.15,274.63,278.15,278.15,2.6,80,1012
555,MG,Beloha,1586505063,-25.17,45.05,76,299.11,294.99,299.11,299.11,9.16,57,1020
556,CA,Marystown,1586505063,47.17,-55.15,64,272.47,265.59,272.47,272.47,6.64,92,1005
557,DO,La Romana,1586504840,18.43,-68.97,1,296.21,299.13,296.21,296.21,1.65,87,1012
558,0,0,0,0,0,0,0,0,0,0,0,0,0
559,MV,Mahibadhoo,1586505064,3.78,72.97,75,302.35,305.9,302.35,302.35,2.54,70,1009
560,US,San Angelo,1586505064,31.46,-100.44,1,286.48,285.35,287.04,285.37,2.6,93,1017
561,TR,Emirdağ,1586505064,39.02,31.15,0,284.15,279.8,284.15,284.15,2.79,37,1013
562,CN,Taizhou,1586505065,32.49,119.91,100,291.41,290.02,292.04,290.93,2.68,65,1019
563,US,Galveston,1586505065,29.37,-94.97,90,293.49,291.32,295.37,292.04,6.7,83,1011
564,SO,Oddur,1586505065,4.12,43.89,64,306.31,305.68,306.31,306.31,2.34,30,1011
565,BR,Eirunepé,1586505066,-6.66,-69.87,97,296.14,300.47,296.14,296.14,0.38,93,1009
566,PT,Vila,1586505066,42.03,-8.16,90,286.15,285.26,286.48,285.93,2.6,100,1019
567,CL,Iquique,1586505066,-20.22,-70.14,90,294.15,295.43,294.15,294.15,1,73,1013
568,HU,Pápa,1586504863,47.33,17.47,8,287.28,283.76,288.15,287.15,3.1,50,1024
569,RU,Yerbogachën,1586505066,61.28,108.01,99,276.99,271.66,276.99,276.99,4.36,65,1030
570,SO,Hobyo,1586505067,5.35,48.53,53,304.46,304.71,304.46,304.46,4.88,51,1011
571,MX,Puerto Peñasco,1586505067,31.32,-113.53,0,288.15,286.84,288.15,288.15,2.09,74,1016
572,US,Ukiah,1586505068,39.15,-123.21,90,283.66,282.58,286.15,280.37,0.07,71,1019
573,0,0,0,0,0,0,0,0,0,0,0,0,0
574,US,Houma,1586505068,29.6,-90.72,40,293.52,293.93,294.82,292.04,3.6,88,1012
575,RU,Troitskoye,1586505068,52.98,84.68,0,279.23,274.33,279.23,279.23,3.86,58,1035
576,RU,Rudnogorsk,1586505068,57.26,103.75,98,277.66,274.74,277.66,277.66,1.36,73,1032
577,RU,Magdagachi,1586505069,53.45,125.8,0,281.1,278.41,281.1,281.1,1.45,66,1026
578,CD,Bondo,1586505069,3.81,23.69,57,306.09,307.84,306.09,306.09,1.2,40,1011
579,RU,Veydelevka,1586505069,50.15,38.45,100,289.47,283.67,289.47,289.47,5.97,39,1009
580,BY,Pinsk,1586505069,52.12,26.1,0,281.38,274.44,281.38,281.38,6.66,48,1022
581,AO,Mossamedes,1586505070,-15.2,12.15,3,300.2,297.97,300.2,300.2,5.03,45,1012
582,SA,Turaif,1586505070,31.67,38.66,40,286.15,281.07,286.15,286.15,6.2,66,1012
583,RU,Orlovskiy,1586505070,46.87,42.06,0,286.68,281.68,286.68,286.68,4.78,46,1016
584,BR,São João da Barra,1586505070,-21.64,-41.05,96,294.48,295.09,294.48,294.48,2.84,79,1014
585,NP,Hetauda,1586505070,27.43,85.03,20,300.15,295.21,300.15,300.15,5.7,26,1018
586,BR,Amapá,1586505071,1,-52,93,295.18,298.9,295.18,295.18,0.67,94,1011
587,US,Winton,1586505071,37.39,-120.61,40,284.62,284.26,286.15,280.37,1.17,100,1019
588,CA,Haines Junction,1586505071,60.75,-137.51,32,262.43,257.82,262.43,262.43,1.9,81,1035
589,ES,Muros,1586505071,42.78,-9.06,75,286.42,285.62,288.15,285.15,2.6,100,1019
590,CV,Praia,1586504914,14.92,-23.51,0,296.15,293.36,296.15,296.15,6.2,60,1012
591,BW,Mopipi,1586504480,-21.18,24.88,80,298.76,294.93,298.76,298.76,5.63,38,1020
592,AU,Alice Springs,1586504981,-23.7,133.88,0,299.15,294.93,299.15,299.15,4.1,24,1019
593,0,0,0,0,0,0,0,0,0,0,0,0,0
594,AI,The Valley,1586505072,18.22,-63.06,20,299.22,302.62,299.26,299.15,2.6,83,1014
595,NO,Havøysund,1586505073,71,24.66,100,270.15,264.42,270.15,270.15,4.6,92,1004
596,NZ,Christchurch,1586504992,-43.53,172.63,1,285.89,283.18,287.59,284.26,4.6,93,1013
597,US,Alamosa,1586505073,37.47,-105.87,75,275.64,269.77,278.15,270.93,4.6,56,1019
598,AR,Chacabuco,1586505073,-34.64,-60.47,0,280.93,279.14,280.93,280.93,1.67,97,1024
599,RU,Verkhniye Tatyshly,1586505074,56.29,55.86,100,282.84,275.41,282.84,282.84,8.41,62,1014
600,MU,Grand Gaube,1586505074,-20.01,57.66,40,301.71,302.58,302.04,301.15,5.7,69,1018
601,PT,Praia da Vitória,1586505074,38.73,-27.07,40,286.15,285.09,286.15,286.15,2.85,100,1025
602,VE,Upata,1586505074,8.01,-62.4,61,295.38,296.37,295.38,295.38,2.83,79,1012
603,KZ,Ayagoz,1586505075,47.97,80.44,97,276.76,273.43,276.76,276.76,1.13,56,1033
604,US,Solano,1586505075,38.23,-121.95,90,284.9,284.18,286.48,283.15,0.96,87,1019
605,KE,Wundanyi,1586505075,-3.4,38.36,26,295.52,293.83,295.52,295.52,2.8,48,1014
606,0,0,0,0,0,0,0,0,0,0,0,0,0
607,CF,Gambo,1586505075,4.65,22.26,73,306.11,308.4,306.11,306.11,0.68,41,1011
608,RO,Asău,1586505076,46.43,26.4,0,289.27,286.27,290.37,288.15,2.1,41,1017
609,AU,Victor Harbor,1586505076,-35.57,138.62,66,292.15,290.19,292.59,291.48,3.6,63,1014
610,MU,Souillac,1586505076,-20.52,57.52,40,301.56,302.36,302.04,301.15,5.7,69,1018
611,US,Charleston,1586505035,32.78,-79.93,1,292.78,288.22,294.15,291.15,5.1,40,1005
612,US,Coos Bay,1586505077,43.37,-124.22,90,281.97,277.11,282.15,281.15,6.2,93,1021
